series,n,r,survival_probability,required_squeezing_db,beta_alpha,beta_beta
required_squeezing,1,,0.95,0.8120196756300323,120.0,6.0
required_squeezing,2,,0.95,1.5505330691596613,120.0,6.0
required_squeezing,3,,0.95,2.390017163345314,120.0,6.0
required_squeezing,4,,0.95,3.398470436436799,120.0,6.0
required_squeezing,5,,0.95,4.685770685864091,120.0,6.0
required_squeezing,6,,0.95,6.492840776858581,120.0,6.0
required_squeezing,7,,0.95,9.597033848497082,120.0,6.0
required_squeezing,8,,0.95,,120.0,6.0
required_squeezing,9,,0.95,,120.0,6.0
required_squeezing,10,,0.95,,120.0,6.0
required_squeezing,11,,0.95,,120.0,6.0
required_squeezing,12,,0.95,,120.0,6.0
required_squeezing,13,,0.95,,120.0,6.0
required_squeezing,14,,0.95,,120.0,6.0
required_squeezing,15,,0.95,,120.0,6.0
required_squeezing,16,,0.95,,120.0,6.0
required_squeezing,17,,0.95,,120.0,6.0
required_squeezing,18,,0.95,,120.0,6.0
required_squeezing,19,,0.95,,120.0,6.0
required_squeezing,20,,0.95,,120.0,6.0
required_squeezing,21,,0.95,,120.0,6.0
required_squeezing,22,,0.95,,120.0,6.0
required_squeezing,23,,0.95,,120.0,6.0
required_squeezing,24,,0.95,,120.0,6.0
required_squeezing,25,,0.95,,120.0,6.0
required_squeezing,26,,0.95,,120.0,6.0
required_squeezing,27,,0.95,,120.0,6.0
required_squeezing,28,,0.95,,120.0,6.0
required_squeezing,29,,0.95,,120.0,6.0
required_squeezing,30,,0.95,,120.0,6.0
required_squeezing,31,,0.95,,120.0,6.0
required_squeezing,32,,0.95,,120.0,6.0
required_squeezing,33,,0.95,,120.0,6.0
required_squeezing,34,,0.95,,120.0,6.0
required_squeezing,35,,0.95,,120.0,6.0
required_squeezing,36,,0.95,,120.0,6.0
required_squeezing,37,,0.95,,120.0,6.0
required_squeezing,38,,0.95,,120.0,6.0
required_squeezing,39,,0.95,,120.0,6.0
required_squeezing,40,,0.95,,120.0,6.0
survival_n_5,5,0.05,7.899273533455945e-06,,120.0,6.0
survival_n_5,5,0.07058823529411765,4.2122452193262924e-05,,120.0,6.0
survival_n_5,5,0.0911764705882353,0.00018382707313321608,,120.0,6.0
survival_n_5,5,0.11176470588235296,0.0006695314823572075,,120.0,6.0
survival_n_5,5,0.13235294117647062,0.0020720156528115556,,120.0,6.0
survival_n_5,5,0.15294117647058825,0.0055389642683267605,,120.0,6.0
survival_n_5,5,0.1735294117647059,0.012985049106278764,,120.0,6.0
survival_n_5,5,0.19411764705882356,0.027068682555535014,,120.0,6.0
survival_n_5,5,0.2147058823529412,0.050820210116734085,,120.0,6.0
survival_n_5,5,0.23529411764705888,0.08694368305112755,,120.0,6.0
survival_n_5,5,0.2558823529411765,0.13700725557531251,,120.0,6.0
survival_n_5,5,0.27647058823529413,0.2008360446115155,,120.0,6.0
survival_n_5,5,0.2970588235294118,0.27635338742206184,,120.0,6.0
survival_n_5,5,0.31764705882352945,0.35992480638291735,,120.0,6.0
survival_n_5,5,0.3382352941176471,0.4470600982344705,,120.0,6.0
survival_n_5,5,0.35882352941176476,0.5332234270832661,,120.0,6.0
survival_n_5,5,0.3794117647058824,0.6145166830500309,,120.0,6.0
survival_n_5,5,0.4,0.6880979383905554,,120.0,6.0
survival_n_5,5,0.4205882352941177,0.7523107733334717,,120.0,6.0
survival_n_5,5,0.44117647058823534,0.8065835247310595,,120.0,6.0
survival_n_5,5,0.461764705882353,0.8511931784121131,,120.0,6.0
survival_n_5,5,0.48235294117647065,0.8869845147879615,,120.0,6.0
survival_n_5,5,0.5029411764705883,0.9151094360033702,,120.0,6.0
survival_n_5,5,0.523529411764706,0.9368210154165139,,120.0,6.0
survival_n_5,5,0.5441176470588236,0.9533319816566295,,120.0,6.0
survival_n_5,5,0.5647058823529413,0.9657316935308471,,120.0,6.0
survival_n_5,5,0.585294117647059,0.9749484608959034,,120.0,6.0
survival_n_5,5,0.6058823529411766,0.9817427738879678,,120.0,6.0
survival_n_5,5,0.6264705882352942,0.986718940296858,,120.0,6.0
survival_n_5,5,0.6470588235294119,0.9903457734208796,,120.0,6.0
survival_n_5,5,0.6676470588235296,0.9929801026831179,,120.0,6.0
survival_n_5,5,0.6882352941176472,0.9948894325777714,,120.0,6.0
survival_n_5,5,0.7088235294117649,0.9962719071961319,,120.0,6.0
survival_n_5,5,0.7294117647058825,0.9972729191311216,,120.0,6.0
survival_n_5,5,0.7500000000000001,0.9979983845713842,,120.0,6.0
survival_n_5,5,0.7705882352941178,0.9985250473439921,,120.0,6.0
survival_n_5,5,0.7911764705882355,0.9989083023201917,,120.0,6.0
survival_n_5,5,0.811764705882353,0.9991880360901774,,120.0,6.0
survival_n_5,5,0.8323529411764707,0.9993929313385603,,120.0,6.0
survival_n_5,5,0.8529411764705884,0.9995436077916428,,120.0,6.0
survival_n_5,5,0.8735294117647061,0.9996548971590894,,120.0,6.0
survival_n_5,5,0.8941176470588237,0.9997374818254965,,120.0,6.0
survival_n_5,5,0.9147058823529414,0.9997990706928023,,120.0,6.0
survival_n_5,5,0.935294117647059,0.9998452407995649,,120.0,6.0
survival_n_5,5,0.9558823529411766,0.9998800388993587,,120.0,6.0
survival_n_5,5,0.9764705882352943,0.9999064112913261,,120.0,6.0
survival_n_5,5,0.997058823529412,0.9999265110658362,,120.0,6.0
survival_n_5,5,1.0176470588235296,0.9999419179711615,,120.0,6.0
survival_n_5,5,1.0382352941176471,0.9999537960203103,,120.0,6.0
survival_n_5,5,1.058823529411765,0.9999630067183216,,120.0,6.0
survival_n_5,5,1.0794117647058825,0.9999701906215269,,120.0,6.0
survival_n_5,5,1.1000000000000003,0.9999758262624364,,120.0,6.0
survival_n_5,5,1.1205882352941179,0.9999802728627474,,120.0,6.0
survival_n_5,5,1.1411764705882355,0.9999838014053155,,120.0,6.0
survival_n_5,5,1.1617647058823533,0.9999866173232542,,120.0,6.0
survival_n_5,5,1.1823529411764708,0.9999888771333667,,120.0,6.0
survival_n_5,5,1.2029411764705884,0.9999907006801796,,120.0,6.0
survival_n_5,5,1.2235294117647062,0.9999921801869073,,120.0,6.0
survival_n_5,5,1.2441176470588238,0.999993386974862,,120.0,6.0
survival_n_5,5,1.2647058823529413,0.9999943764737392,,120.0,6.0
survival_n_5,5,1.2852941176470591,0.999995191974016,,120.0,6.0
survival_n_5,5,1.3058823529411767,0.9999958674497742,,120.0,6.0
survival_n_5,5,1.3264705882352943,0.9999964296917114,,120.0,6.0
survival_n_5,5,1.347058823529412,0.9999968999261072,,120.0,6.0
survival_n_5,5,1.3676470588235297,0.9999972950491032,,120.0,6.0
survival_n_5,5,1.3882352941176472,0.9999976285718787,,120.0,6.0
survival_n_5,5,1.408823529411765,0.9999979113476288,,120.0,6.0
survival_n_5,5,1.4294117647058826,0.9999981521331609,,120.0,6.0
survival_n_5,5,1.4500000000000002,0.9999983580246125,,120.0,6.0
survival_n_5,5,1.470588235294118,0.9999985347969519,,120.0,6.0
survival_n_5,5,1.4911764705882355,0.9999986871696273,,120.0,6.0
survival_n_5,5,1.5117647058823531,0.9999988190152976,,120.0,6.0
survival_n_5,5,1.532352941176471,0.9999989335245134,,120.0,6.0
survival_n_5,5,1.5529411764705885,0.9999990333361715,,120.0,6.0
survival_n_5,5,1.573529411764706,0.9999991206412673,,120.0,6.0
survival_n_5,5,1.5941176470588239,0.9999991972657346,,120.0,6.0
survival_n_5,5,1.6147058823529414,0.9999992647368419,,120.0,6.0
survival_n_5,5,1.635294117647059,0.9999993243366102,,120.0,6.0
survival_n_5,5,1.6558823529411768,0.9999993771449502,,120.0,6.0
survival_n_5,5,1.6764705882352944,0.9999994240746217,,120.0,6.0
survival_n_5,5,1.6970588235294122,0.9999994658996684,,120.0,6.0
survival_n_5,5,1.7176470588235297,0.9999995032786264,,120.0,6.0
survival_n_5,5,1.7382352941176473,0.9999995367735319,,120.0,6.0
survival_n_5,5,1.7588235294117651,0.99999956686554,,120.0,6.0
survival_n_5,5,1.7794117647058827,0.9999995939678016,,120.0,6.0
survival_n_5,5,1.8000000000000003,0.9999996184361143,,120.0,6.0
survival_n_5,5,1.820588235294118,0.9999996405777591,,120.0,6.0
survival_n_5,5,1.8411764705882356,0.9999996606588546,,120.0,6.0
survival_n_5,5,1.8617647058823532,0.9999996789104963,,120.0,6.0
survival_n_5,5,1.882352941176471,0.9999996955338969,,120.0,6.0
survival_n_5,5,1.9029411764705886,0.9999997107047016,,120.0,6.0
survival_n_5,5,1.9235294117647062,0.9999997245766223,,120.0,6.0
survival_n_5,5,1.944117647058824,0.999999737284506,,120.0,6.0
survival_n_5,5,1.9647058823529415,0.9999997489469318,,120.0,6.0
survival_n_5,5,1.985294117647059,0.9999997596684167,,120.0,6.0
survival_n_5,5,2.005882352941177,0.9999997695412921,,120.0,6.0
survival_n_5,5,2.0264705882352945,0.9999997786473044,,120.0,6.0
survival_n_5,5,2.047058823529412,0.999999787058985,,120.0,6.0
survival_n_5,5,2.0676470588235296,0.9999997948408237,,120.0,6.0
survival_n_5,5,2.088235294117647,0.9999998020502788,,120.0,6.0
survival_n_5,5,2.1088235294117648,0.9999998087386449,,120.0,6.0
survival_n_5,5,2.1294117647058823,0.9999998149518043,,120.0,6.0
survival_n_5,5,2.1500000000000004,0.9999998207308756,,120.0,6.0
survival_n_5,5,2.170588235294118,0.9999998261127767,,120.0,6.0
survival_n_5,5,2.1911764705882355,0.999999831130714,,120.0,6.0
survival_n_5,5,2.211764705882353,0.9999998358146082,,120.0,6.0
survival_n_5,5,2.2323529411764707,0.9999998401914658,,120.0,6.0
survival_n_5,5,2.2529411764705882,0.9999998442857041,,120.0,6.0
survival_n_5,5,2.2735294117647062,0.9999998481194354,,120.0,6.0
survival_n_5,5,2.294117647058824,0.9999998517127167,,120.0,6.0
survival_n_5,5,2.3147058823529414,0.9999998550837692,,120.0,6.0
survival_n_5,5,2.335294117647059,0.9999998582491716,,120.0,6.0
survival_n_5,5,2.3558823529411765,0.9999998612240306,,120.0,6.0
survival_n_5,5,2.376470588235294,0.9999998640221316,,120.0,6.0
survival_n_5,5,2.397058823529412,0.9999998666560719,,120.0,6.0
survival_n_5,5,2.4176470588235297,0.9999998691373795,,120.0,6.0
survival_n_5,5,2.4382352941176473,0.9999998714766176,,120.0,6.0
survival_n_5,5,2.458823529411765,0.9999998736834786,,120.0,6.0
survival_n_5,5,2.4794117647058824,0.9999998757668672,,120.0,6.0
survival_n_5,5,2.5,0.9999998777349742,,120.0,6.0
survival_n_10,10,0.05,4.689183711069604e-12,,120.0,6.0
survival_n_10,10,0.07058823529411765,3.008481573564061e-11,,120.0,6.0
survival_n_10,10,0.0911764705882353,1.6724422090290175e-10,,120.0,6.0
survival_n_10,10,0.11176470588235296,8.147209770768164e-10,,120.0,6.0
survival_n_10,10,0.13235294117647062,3.5142578917923206e-09,,120.0,6.0
survival_n_10,10,0.15294117647058825,1.355131429810842e-08,,120.0,6.0
survival_n_10,10,0.1735294117647059,4.712807723438715e-08,,120.0,6.0
survival_n_10,10,0.19411764705882356,1.4902299706465234e-07,,120.0,6.0
survival_n_10,10,0.2147058823529412,4.3166624598341095e-07,,120.0,6.0
survival_n_10,10,0.23529411764705888,1.1533291975173291e-06,,120.0,6.0
survival_n_10,10,0.2558823529411765,2.8603656385335226e-06,,120.0,6.0
survival_n_10,10,0.27647058823529413,6.623502905313064e-06,,120.0,6.0
survival_n_10,10,0.2970588235294118,1.4397465495393794e-05,,120.0,6.0
survival_n_10,10,0.31764705882352945,2.952337125644811e-05,,120.0,6.0
survival_n_10,10,0.3382352941176471,5.737288790102915e-05,,120.0,6.0
survival_n_10,10,0.35882352941176476,0.00010610378705020415,,120.0,6.0
survival_n_10,10,0.3794117647058824,0.00018746348299164014,,120.0,6.0
survival_n_10,10,0.4,0.00031754800485438313,,120.0,6.0
survival_n_10,10,0.4205882352941177,0.0005174065018050899,,120.0,6.0
survival_n_10,10,0.44117647058823534,0.0008133815465928158,,120.0,6.0
survival_n_10,10,0.461764705882353,0.001237094974335822,,120.0,6.0
survival_n_10,10,0.48235294117647065,0.0018250250955327626,,120.0,6.0
survival_n_10,10,0.5029411764705883,0.002617667520997313,,120.0,6.0
survival_n_10,10,0.523529411764706,0.003658320292043907,,120.0,6.0
survival_n_10,10,0.5441176470588236,0.004991576425748269,,120.0,6.0
survival_n_10,10,0.5647058823529413,0.006661637133597201,,120.0,6.0
survival_n_10,10,0.585294117647059,0.008710573492329479,,120.0,6.0
survival_n_10,10,0.6058823529411766,0.01117666292643426,,120.0,6.0
survival_n_10,10,0.6264705882352942,0.014092911741131914,,120.0,6.0
survival_n_10,10,0.6470588235294119,0.017485850015864744,,120.0,6.0
survival_n_10,10,0.6676470588235296,0.021374654982605837,,120.0,6.0
survival_n_10,10,0.6882352941176472,0.025770627915068702,,120.0,6.0
survival_n_10,10,0.7088235294117649,0.030677021080299502,,120.0,6.0
survival_n_10,10,0.7294117647058825,0.03608918787724173,,120.0,6.0
survival_n_10,10,0.7500000000000001,0.04199501217673663,,120.0,6.0
survival_n_10,10,0.7705882352941178,0.04837556234115037,,120.0,6.0
survival_n_10,10,0.7911764705882355,0.055205910930264966,,120.0,6.0
survival_n_10,10,0.811764705882353,0.06245606169404574,,120.0,6.0
survival_n_10,10,0.8323529411764707,0.07009192987807165,,120.0,6.0
survival_n_10,10,0.8529411764705884,0.07807632885841016,,120.0,6.0
survival_n_10,10,0.8735294117647061,0.08636992452559883,,120.0,6.0
survival_n_10,10,0.8941176470588237,0.09493212769293197,,120.0,6.0
survival_n_10,10,0.9147058823529414,0.10372190338214322,,120.0,6.0
survival_n_10,10,0.935294117647059,0.11269848363662432,,120.0,6.0
survival_n_10,10,0.9558823529411766,0.12182197722768673,,120.0,6.0
survival_n_10,10,0.9764705882352943,0.13105387511779917,,120.0,6.0
survival_n_10,10,0.997058823529412,0.14035745481624645,,120.0,6.0
survival_n_10,10,1.0176470588235296,0.14969808988410457,,120.0,6.0
survival_n_10,10,1.0382352941176471,0.15904347294732646,,120.0,6.0
survival_n_10,10,1.058823529411765,0.16836376181659468,,120.0,6.0
survival_n_10,10,1.0794117647058825,0.17763165885509832,,120.0,6.0
survival_n_10,10,1.1000000000000003,0.18682243373863913,,120.0,6.0
survival_n_10,10,1.1205882352941179,0.19591389935944417,,120.0,6.0
survival_n_10,10,1.1411764705882355,0.20488634995907937,,120.0,6.0
survival_n_10,10,1.1617647058823533,0.21372246973900333,,120.0,6.0
survival_n_10,10,1.1823529411764708,0.22240721927091467,,120.0,6.0
survival_n_10,10,1.2029411764705884,0.23092770607536095,,120.0,6.0
survival_n_10,10,1.2235294117647062,0.23927304480174194,,120.0,6.0
survival_n_10,10,1.2441176470588238,0.2474342115574708,,120.0,6.0
survival_n_10,10,1.2647058823529413,0.2554038961189618,,120.0,6.0
survival_n_10,10,1.2852941176470591,0.26317635502369185,,120.0,6.0
survival_n_10,10,1.3058823529411767,0.27074726789554326,,120.0,6.0
survival_n_10,10,1.3264705882352943,0.2781135987947661,,120.0,6.0
survival_n_10,10,1.347058823529412,0.2852734639055953,,120.0,6.0
survival_n_10,10,1.3676470588235297,0.2922260064730492,,120.0,6.0
survival_n_10,10,1.3882352941176472,0.29897127956864283,,120.0,6.0
survival_n_10,10,1.408823529411765,0.3055101369950038,,120.0,6.0
survival_n_10,10,1.4294117647058826,0.311844132423971,,120.0,6.0
survival_n_10,10,1.4500000000000002,0.31797542669414436,,120.0,6.0
survival_n_10,10,1.470588235294118,0.3239067030650574,,120.0,6.0
survival_n_10,10,1.4911764705882355,0.3296410901297371,,120.0,6.0
survival_n_10,10,1.5117647058823531,0.33518209201964927,,120.0,6.0
survival_n_10,10,1.532352941176471,0.34053352549086113,,120.0,6.0
survival_n_10,10,1.5529411764705885,0.3456994634532784,,120.0,6.0
survival_n_10,10,1.573529411764706,0.35068418449231314,,120.0,6.0
survival_n_10,10,1.5941176470588239,0.3554921279310571,,120.0,6.0
survival_n_10,10,1.6147058823529414,0.360127853988405,,120.0,6.0
survival_n_10,10,1.635294117647059,0.3645960086022979,,120.0,6.0
survival_n_10,10,1.6558823529411768,0.3689012925055934,,120.0,6.0
survival_n_10,10,1.6764705882352944,0.3730484341635311,,120.0,6.0
survival_n_10,10,1.6970588235294122,0.37704216620517844,,120.0,6.0
survival_n_10,10,1.7176470588235297,0.38088720500570505,,120.0,6.0
survival_n_10,10,1.7382352941176473,0.3845882331011129,,120.0,6.0
survival_n_10,10,1.7588235294117651,0.3881498841416046,,120.0,6.0
survival_n_10,10,1.7794117647058827,0.3915767301137071,,120.0,6.0
survival_n_10,10,1.8000000000000003,0.3948732705842673,,120.0,6.0
survival_n_10,10,1.820588235294118,0.39804392374132036,,120.0,6.0
survival_n_10,10,1.8411764705882356,0.4010930190274606,,120.0,6.0
survival_n_10,10,1.8617647058823532,0.40402479118064605,,120.0,6.0
survival_n_10,10,1.882352941176471,0.40684337551530625,,120.0,6.0
survival_n_10,10,1.9029411764705886,0.40955280429323027,,120.0,6.0
survival_n_10,10,1.9235294117647062,0.4121570040489669,,120.0,6.0
survival_n_10,10,1.944117647058824,0.4146597937484776,,120.0,6.0
survival_n_10,10,1.9647058823529415,0.417064883672557,,120.0,6.0
survival_n_10,10,1.985294117647059,0.41937587492816747,,120.0,6.0
survival_n_10,10,2.005882352941177,0.4215962595013901,,120.0,6.0
survival_n_10,10,2.0264705882352945,0.42372942077525017,,120.0,6.0
survival_n_10,10,2.047058823529412,0.4257786344442956,,120.0,6.0
survival_n_10,10,2.0676470588235296,0.42774706976558474,,120.0,6.0
survival_n_10,10,2.088235294117647,0.4296377910927243,,120.0,6.0
survival_n_10,10,2.1088235294117648,0.43145375964586663,,120.0,6.0
survival_n_10,10,2.1294117647058823,0.4331978354762004,,120.0,6.0
survival_n_10,10,2.1500000000000004,0.43487277958848713,,120.0,6.0
survival_n_10,10,2.170588235294118,0.4364812561896894,,120.0,6.0
survival_n_10,10,2.1911764705882355,0.43802583503573456,,120.0,6.0
survival_n_10,10,2.211764705882353,0.4395089938520252,,120.0,6.0
survival_n_10,10,2.2323529411764707,0.44093312080647173,,120.0,6.0
survival_n_10,10,2.2529411764705882,0.4423005170166464,,120.0,6.0
survival_n_10,10,2.2735294117647062,0.4436133990751417,,120.0,6.0
survival_n_10,10,2.294117647058824,0.4448739015794389,,120.0,6.0
survival_n_10,10,2.3147058823529414,0.44608407965454167,,120.0,6.0
survival_n_10,10,2.335294117647059,0.4472459114583592,,120.0,6.0
survival_n_10,10,2.3558823529411765,0.44836130066134694,,120.0,6.0
survival_n_10,10,2.376470588235294,0.44943207889325554,,120.0,6.0
survival_n_10,10,2.397058823529412,0.45046000815101844,,120.0,6.0
survival_n_10,10,2.4176470588235297,0.4514467831628475,,120.0,6.0
survival_n_10,10,2.4382352941176473,0.4523940337045111,,120.0,6.0
survival_n_10,10,2.458823529411765,0.45330332686456376,,120.0,6.0
survival_n_10,10,2.4794117647058824,0.45417616925599613,,120.0,6.0
survival_n_10,10,2.5,0.45501400917237006,,120.0,6.0
survival_n_15,15,0.05,2.8732799837619147e-18,,120.0,6.0
survival_n_15,15,0.07058823529411765,1.9635835325809592e-17,,120.0,6.0
survival_n_15,15,0.0911764705882353,1.1860682213849497e-16,,120.0,6.0
survival_n_15,15,0.11176470588235296,6.387187262970863e-16,,120.0,6.0
survival_n_15,15,0.13235294117647062,3.091168425350071e-15,,120.0,6.0
survival_n_15,15,0.15294117647058825,1.3544587349063072e-14,,120.0,6.0
survival_n_15,15,0.1735294117647059,5.4102741440250444e-14,,120.0,6.0
survival_n_15,15,0.19411764705882356,1.9826438810010256e-13,,120.0,6.0
survival_n_15,15,0.2147058823529412,6.705043064833542e-13,,120.0,6.0
survival_n_15,15,0.23529411764705888,2.1040814903918934e-12,,120.0,6.0
survival_n_15,15,0.2558823529411765,6.157831189041739e-12,,120.0,6.0
survival_n_15,15,0.27647058823529413,1.688642886254909e-11,,120.0,6.0
survival_n_15,15,0.2970588235294118,4.357985208871345e-11,,120.0,6.0
survival_n_15,15,0.31764705882352945,1.0627431529492205e-10,,120.0,6.0
survival_n_15,15,0.3382352941176471,2.45808067480662e-10,,120.0,6.0
survival_n_15,15,0.35882352941176476,5.411319842755617e-10,,120.0,6.0
survival_n_15,15,0.3794117647058824,1.1375111233646162e-09,,120.0,6.0
survival_n_15,15,0.4,2.290128172377904e-09,,120.0,6.0
survival_n_15,15,0.4205882352941177,4.428223906806782e-09,,120.0,6.0
survival_n_15,15,0.44117647058823534,8.245053561483444e-09,,120.0,6.0
survival_n_15,15,0.461764705882353,1.4818384966096035e-08,,120.0,6.0
survival_n_15,15,0.48235294117647065,2.5764863576980995e-08,,120.0,6.0
survival_n_15,15,0.5029411764705883,4.342928340143723e-08,,120.0,6.0
survival_n_15,15,0.523529411764706,7.110673627505564e-08,,120.0,6.0
survival_n_15,15,0.5441176470588236,1.1329201556294377e-07,,120.0,6.0
survival_n_15,15,0.5647058823529413,1.7594689345407881e-07,,120.0,6.0
survival_n_15,15,0.585294117647059,2.6677241025963726e-07,,120.0,6.0
survival_n_15,15,0.6058823529411766,3.9547054776464714e-07,,120.0,6.0
survival_n_15,15,0.6264705882352942,5.739779799211668e-07,,120.0,6.0
survival_n_15,15,0.6470588235294119,8.166542562496981e-07,,120.0,6.0
survival_n_15,15,0.6676470588235296,1.1404078755435838e-06,,120.0,6.0
survival_n_15,15,0.6882352941176472,1.5647461864080525e-06,,120.0,6.0
survival_n_15,15,0.7088235294117649,2.111738695964564e-06,,120.0,6.0
survival_n_15,15,0.7294117647058825,2.8058878548348893e-06,,120.0,6.0
survival_n_15,15,0.7500000000000001,3.673906324194717e-06,,120.0,6.0
survival_n_15,15,0.7705882352941178,4.744404709989669e-06,,120.0,6.0
survival_n_15,15,0.7911764705882355,6.047498387904602e-06,,120.0,6.0
survival_n_15,15,0.811764705882353,7.614346020421948e-06,,120.0,6.0
survival_n_15,15,0.8323529411764707,9.476635450211373e-06,,120.0,6.0
survival_n_15,15,0.8529411764705884,1.1666034704407443e-05,,120.0,6.0
survival_n_15,15,0.8735294117647061,1.4213626819443815e-05,,120.0,6.0
survival_n_15,15,0.8941176470588237,1.7149347138079165e-05,,120.0,6.0
survival_n_15,15,0.9147058823529414,2.0501440749165943e-05,,120.0,6.0
survival_n_15,15,0.935294117647059,2.4295955994879908e-05,,120.0,6.0
survival_n_15,15,0.9558823529411766,2.8556287645764526e-05,,120.0,6.0
survival_n_15,15,0.9764705882352943,3.330278063652603e-05,,120.0,6.0
survival_n_15,15,0.997058823529412,3.855240235411086e-05,,120.0,6.0
survival_n_15,15,1.0176470588235296,4.431848854495007e-05,,120.0,6.0
survival_n_15,15,1.0382352941176471,5.061056510478642e-05,,120.0,6.0
survival_n_15,15,1.058823529411765,5.743424544597682e-05,,120.0,6.0
survival_n_15,15,1.0794117647058825,6.479120088554597e-05,,120.0,6.0
survival_n_15,15,1.1000000000000003,7.267919961394316e-05,,120.0,6.0
survival_n_15,15,1.1205882352941179,8.109220831340113e-05,,120.0,6.0
survival_n_15,15,1.1411764705882355,9.002054939666382e-05,,120.0,6.0
survival_n_15,15,1.1617647058823533,9.945110611372507e-05,,120.0,6.0
survival_n_15,15,1.1823529411764708,0.00010936756739439473,,120.0,6.0
survival_n_15,15,1.2029411764705884,0.0001197507042169307,,120.0,6.0
survival_n_15,15,1.2235294117647062,0.00013057866947130934,,120.0,6.0
survival_n_15,15,1.2441176470588238,0.0001418273136716627,,120.0,6.0
survival_n_15,15,1.2647058823529413,0.0001534705094184179,,120.0,6.0
survival_n_15,15,1.2852941176470591,0.00016548047817196938,,120.0,6.0
survival_n_15,15,1.3058823529411767,0.0001778281136356267,,120.0,6.0
survival_n_15,15,1.3264705882352943,0.00019048329682057455,,120.0,6.0
survival_n_15,15,1.347058823529412,0.00020341519864944626,,120.0,6.0
survival_n_15,15,1.3676470588235297,0.00021659256672326105,,120.0,6.0
survival_n_15,15,1.3882352941176472,0.0002299839936095809,,120.0,6.0
survival_n_15,15,1.408823529411765,0.00024355816469333333,,120.0,6.0
survival_n_15,15,1.4294117647058826,0.00025728408425592736,,120.0,6.0
survival_n_15,15,1.4500000000000002,0.0002711312790066995,,120.0,6.0
survival_n_15,15,1.470588235294118,0.0002850699787805607,,120.0,6.0
survival_n_15,15,1.4911764705882355,0.00029907127453646787,,120.0,6.0
survival_n_15,15,1.5117647058823531,0.0003131072541448697,,120.0,6.0
survival_n_15,15,1.532352941176471,0.0003271511167417489,,120.0,6.0
survival_n_15,15,1.5529411764705885,0.0003411772666568126,,120.0,6.0
survival_n_15,15,1.573529411764706,0.00035516138809897185,,120.0,6.0
survival_n_15,15,1.5941176470588239,0.00036908050190886916,,120.0,6.0
survival_n_15,15,1.6147058823529414,0.00038291300577201435,,120.0,6.0
survival_n_15,15,1.635294117647059,0.0003966386993324032,,120.0,6.0
survival_n_15,15,1.6558823529411768,0.00041023879566111116,,120.0,6.0
survival_n_15,15,1.6764705882352944,0.00042369592052243977,,120.0,6.0
survival_n_15,15,1.6970588235294122,0.0004369941008465371,,120.0,6.0
survival_n_15,15,1.7176470588235297,0.00045011874376649246,,120.0,6.0
survival_n_15,15,1.7382352941176473,0.00046305660751365184,,120.0,6.0
survival_n_15,15,1.7588235294117651,0.0004757957653907467,,120.0,6.0
survival_n_15,15,1.7794117647058827,0.0004883255639615418,,120.0,6.0
survival_n_15,15,1.8000000000000003,0.000500636576510525,,120.0,6.0
survival_n_15,15,1.820588235294118,0.0005127205527389935,,120.0,6.0
survival_n_15,15,1.8411764705882356,0.0005245703655765185,,120.0,6.0
survival_n_15,15,1.8617647058823532,0.0005361799559007104,,120.0,6.0
survival_n_15,15,1.882352941176471,0.0005475442758744983,,120.0,6.0
survival_n_15,15,1.9029411764705886,0.0005586592315299793,,120.0,6.0
survival_n_15,15,1.9235294117647062,0.0005695216251515991,,120.0,6.0
survival_n_15,15,1.944117647058824,0.0005801290979397996,,120.0,6.0
survival_n_15,15,1.9647058823529415,0.0005904800733694473,,120.0,6.0
survival_n_15,15,1.985294117647059,0.0006005737015955089,,120.0,6.0
survival_n_15,15,2.005882352941177,0.0006104098052017121,,120.0,6.0
survival_n_15,15,2.0264705882352945,0.0006199888265362327,,120.0,6.0
survival_n_15,15,2.047058823529412,0.0006293117768315893,,120.0,6.0
survival_n_15,15,2.0676470588235296,0.0006383801872638778,,120.0,6.0
survival_n_15,15,2.088235294117647,0.0006471960620689473,,120.0,6.0
survival_n_15,15,2.1088235294117648,0.0006557618337997182,,120.0,6.0
survival_n_15,15,2.1294117647058823,0.0006640803207797117,,120.0,6.0
survival_n_15,15,2.1500000000000004,0.0006721546867821062,,120.0,6.0
survival_n_15,15,2.170588235294118,0.0006799884029416532,,120.0,6.0
survival_n_15,15,2.1911764705882355,0.0006875852118876492,,120.0,6.0
survival_n_15,15,2.211764705882353,0.0006949490940701309,,120.0,6.0
survival_n_15,15,2.2323529411764707,0.0007020842362378773,,120.0,6.0
survival_n_15,15,2.2529411764705882,0.000708995002015634,,120.0,6.0
survival_n_15,15,2.2735294117647062,0.000715685904518866,,120.0,6.0
survival_n_15,15,2.294117647058824,0.000722161580937131,,120.0,6.0
survival_n_15,15,2.3147058823529414,0.0007284267690115594,,120.0,6.0
survival_n_15,15,2.335294117647059,0.0007344862853278523,,120.0,6.0
survival_n_15,15,2.3558823529411765,0.0007403450053432652,,120.0,6.0
survival_n_15,15,2.376470588235294,0.000746007845064395,,120.0,6.0
survival_n_15,15,2.397058823529412,0.0007514797442916558,,120.0,6.0
survival_n_15,15,2.4176470588235297,0.0007567656513464447,,120.0,6.0
survival_n_15,15,2.4382352941176473,0.0007618705091976276,,120.0,6.0
survival_n_15,15,2.458823529411765,0.0007667992429052024,,120.0,6.0
survival_n_15,15,2.4794117647058824,0.0007715567483008256,,120.0,6.0
survival_n_15,15,2.5,0.0007761478818269304,,120.0,6.0
survival_n_20,20,0.05,1.81483978179496e-24,,120.0,6.0
survival_n_20,20,0.07058823529411765,1.2803630142857169e-23,,120.0,6.0
survival_n_20,20,0.0911764705882353,8.064753116381494e-23,,120.0,6.0
survival_n_20,20,0.11176470588235296,4.5686684922312365e-22,,120.0,6.0
survival_n_20,20,0.13235294117647062,2.3436007425842916e-21,,120.0,6.0
survival_n_20,20,0.15294117647058825,1.0955232610139107e-20,,120.0,6.0
survival_n_20,20,0.1735294117647059,4.694195363708343e-20,,120.0,6.0
survival_n_20,20,0.19411764705882356,1.8538856324724126e-19,,120.0,6.0
survival_n_20,20,0.2147058823529412,6.782715831471908e-19,,120.0,6.0
survival_n_20,20,0.23529411764705888,2.309872114426236e-18,,120.0,6.0
survival_n_20,20,0.2558823529411765,7.354611485215179e-18,,120.0,6.0
survival_n_20,20,0.27647058823529413,2.198428052305568e-17,,120.0,6.0
survival_n_20,20,0.2970588235294118,6.19323543637993e-17,,120.0,6.0
survival_n_20,20,0.31764705882352945,1.6501956470870786e-16,,120.0,6.0
survival_n_20,20,0.3382352941176471,4.1727389219918635e-16,,120.0,6.0
survival_n_20,20,0.35882352941176476,1.0044620491694176e-15,,120.0,6.0
survival_n_20,20,0.3794117647058824,2.3085598687224483e-15,,120.0,6.0
survival_n_20,20,0.4,5.079597745991763e-15,,120.0,6.0
survival_n_20,20,0.4205882352941177,1.0727680280945917e-14,,120.0,6.0
survival_n_20,20,0.44117647058823534,2.1797482804222054e-14,,120.0,6.0
survival_n_20,20,0.461764705882353,4.2707054823918605e-14,,120.0,6.0
survival_n_20,20,0.48235294117647065,8.08522529829786e-14,,120.0,6.0
survival_n_20,20,0.5029411764705883,1.4819461050967004e-13,,120.0,6.0
survival_n_20,20,0.523529411764706,2.6346027803479983e-13,,120.0,6.0
survival_n_20,20,0.5441176470588236,4.550769722977149e-13,,120.0,6.0
survival_n_20,20,0.5647058823529413,7.649611683830598e-13,,120.0,6.0
survival_n_20,20,0.585294117647059,1.2532366604790448e-12,,120.0,6.0
survival_n_20,20,0.6058823529411766,2.0039173654641806e-12,,120.0,6.0
survival_n_20,20,0.6264705882352942,3.131523212524674e-12,,120.0,6.0
survival_n_20,20,0.6470588235294119,4.788521721046065e-12,,120.0,6.0
survival_n_20,20,0.6676470588235296,7.173404985252581e-12,,120.0,6.0
survival_n_20,20,0.6882352941176472,1.0539129289896328e-11,,120.0,6.0
survival_n_20,20,0.7088235294117649,1.520157020360277e-11,,120.0,6.0
survival_n_20,20,0.7294117647058825,2.154758726369928e-11,,120.0,6.0
survival_n_20,20,0.7500000000000001,3.004225572818685e-11,,120.0,6.0
survival_n_20,20,0.7705882352941178,4.123481295629045e-11,,120.0,6.0
survival_n_20,20,0.7911764705882355,5.576288609143717e-11,,120.0,6.0
survival_n_20,20,0.811764705882353,7.435461561884838e-11,,120.0,6.0
survival_n_20,20,0.8323529411764707,9.782836335037953e-11,,120.0,6.0
survival_n_20,20,0.8529411764705884,1.2708978862859846e-10,,120.0,6.0
survival_n_20,20,0.8735294117647061,1.6312618663935198e-10,,120.0,6.0
survival_n_20,20,0.8941176470588237,2.0699810035587155e-10,,120.0,6.0
survival_n_20,20,0.9147058823529414,2.5982833525376976e-10,,120.0,6.0
survival_n_20,20,0.935294117647059,3.2278861638901824e-10,,120.0,6.0
survival_n_20,20,0.9558823529411766,3.970842245165849e-10,,120.0,6.0
survival_n_20,20,0.9764705882352943,4.839370267735896e-10,,120.0,6.0
survival_n_20,20,0.997058823529412,5.845673747444706e-10,,120.0,6.0
survival_n_20,20,1.0176470588235296,7.001753767826996e-10,,120.0,6.0
survival_n_20,20,1.0382352941176471,8.319220621581516e-10,,120.0,6.0
survival_n_20,20,1.058823529411765,9.809109431843717e-10,,120.0,6.0
survival_n_20,20,1.0794117647058825,1.148170450330142e-09,,120.0,6.0
survival_n_20,20,1.1000000000000003,1.334637667630851e-09,,120.0,6.0
survival_n_20,20,1.1205882352941179,1.5411437351974878e-09,,120.0,6.0
survival_n_20,20,1.1411764705882355,1.7684012162008451e-09,,120.0,6.0
survival_n_20,20,1.1617647058823533,2.0169936512704134e-09,,120.0,6.0
survival_n_20,20,1.1823529411764708,2.2873674474228693e-09,,120.0,6.0
survival_n_20,20,1.2029411764705884,2.57982617463559e-09,,120.0,6.0
survival_n_20,20,1.2235294117647062,2.8945272737017838e-09,,120.0,6.0
survival_n_20,20,1.2441176470588238,3.2314811161566315e-09,,120.0,6.0
survival_n_20,20,1.2647058823529413,3.590552302375439e-09,,120.0,6.0
survival_n_20,20,1.2852941176470591,3.971463038367897e-09,,120.0,6.0
survival_n_20,20,1.3058823529411767,4.373798395764434e-09,,120.0,6.0
survival_n_20,20,1.3264705882352943,4.79701323300365e-09,,120.0,6.0
survival_n_20,20,1.347058823529412,5.240440538388796e-09,,120.0,6.0
survival_n_20,20,1.3676470588235297,5.703300946824728e-09,,120.0,6.0
survival_n_20,20,1.3882352941176472,6.184713180776619e-09,,120.0,6.0
survival_n_20,20,1.408823529411765,6.68370517129765e-09,,120.0,6.0
survival_n_20,20,1.4294117647058826,7.199225625765411e-09,,120.0,6.0
survival_n_20,20,1.4500000000000002,7.730155824133569e-09,,120.0,6.0
survival_n_20,20,1.470588235294118,8.275321443997154e-09,,120.0,6.0
survival_n_20,20,1.4911764705882355,8.833504235563782e-09,,120.0,6.0
survival_n_20,20,1.5117647058823531,9.403453389824218e-09,,120.0,6.0
survival_n_20,20,1.532352941176471,9.983896466019838e-09,,120.0,6.0
survival_n_20,20,1.5529411764705885,1.0573549767220648e-08,,120.0,6.0
survival_n_20,20,1.573529411764706,1.1171128074900424e-08,,120.0,6.0
survival_n_20,20,1.5941176470588239,1.1775353674365707e-08,,120.0,6.0
survival_n_20,20,1.6147058823529414,1.2384964622425179e-08,,120.0,6.0
survival_n_20,20,1.635294117647059,1.2998722226533526e-08,,120.0,6.0
survival_n_20,20,1.6558823529411768,1.361541772065033e-08,,120.0,6.0
survival_n_20,20,1.6764705882352944,1.4233878137146922e-08,,120.0,6.0
survival_n_20,20,1.6970588235294122,1.4852971386252455e-08,,120.0,6.0
survival_n_20,20,1.7176470588235297,1.547161056479708e-08,,120.0,6.0
survival_n_20,20,1.7382352941176473,1.6088757524458973e-08,,120.0,6.0
survival_n_20,20,1.7588235294117651,1.6703425736465873e-08,,120.0,6.0
survival_n_20,20,1.7794117647058827,1.731468249487505e-08,,120.0,6.0
survival_n_20,20,1.8000000000000003,1.7921650504292537e-08,,120.0,6.0
survival_n_20,20,1.820588235294118,1.85235089003607e-08,,120.0,6.0
survival_n_20,20,1.8411764705882356,1.911949375268883e-08,,120.0,6.0
survival_n_20,20,1.8617647058823532,1.970889810028178e-08,,120.0,6.0
survival_n_20,20,1.882352941176471,2.029107156907119e-08,,120.0,6.0
survival_n_20,20,1.9029411764705886,2.0865419620043834e-08,,120.0,6.0
survival_n_20,20,1.9235294117647062,2.143140247476827e-08,,120.0,6.0
survival_n_20,20,1.944117647058824,2.1988533763021906e-08,,120.0,6.0
survival_n_20,20,1.9647058823529415,2.2536378934767146e-08,,120.0,6.0
survival_n_20,20,1.985294117647059,2.307455347605126e-08,,120.0,6.0
survival_n_20,20,2.005882352941177,2.36027209655659e-08,,120.0,6.0
survival_n_20,20,2.0264705882352945,2.4120591005683674e-08,,120.0,6.0
survival_n_20,20,2.047058823529412,2.4627917058842403e-08,,120.0,6.0
survival_n_20,20,2.0676470588235296,2.5124494217227687e-08,,120.0,6.0
survival_n_20,20,2.088235294117647,2.5610156930850906e-08,,120.0,6.0
survival_n_20,20,2.1088235294117648,2.6084776716353366e-08,,120.0,6.0
survival_n_20,20,2.1294117647058823,2.6548259866243642e-08,,120.0,6.0
survival_n_20,20,2.1500000000000004,2.700054517576547e-08,,120.0,6.0
survival_n_20,20,2.170588235294118,2.7441601702266212e-08,,120.0,6.0
survival_n_20,20,2.1911764705882355,2.7871426569745107e-08,,120.0,6.0
survival_n_20,20,2.211764705882353,2.8290042829253902e-08,,120.0,6.0
survival_n_20,20,2.2323529411764707,2.8697497383977613e-08,,120.0,6.0
survival_n_20,20,2.2529411764705882,2.9093858986136493e-08,,120.0,6.0
survival_n_20,20,2.2735294117647062,2.9479216311339243e-08,,120.0,6.0
survival_n_20,20,2.294117647058824,2.98536761146431e-08,,120.0,6.0
survival_n_20,20,2.3147058823529414,3.021736147137332e-08,,120.0,6.0
survival_n_20,20,2.335294117647059,3.057041010466475e-08,,120.0,6.0
survival_n_20,20,2.3558823529411765,3.0912972800752706e-08,,120.0,6.0
survival_n_20,20,2.376470588235294,3.1245211912216524e-08,,120.0,6.0
survival_n_20,20,2.397058823529412,3.1567299948663865e-08,,120.0,6.0
survival_n_20,20,2.4176470588235297,3.1879418253743904e-08,,120.0,6.0
survival_n_20,20,2.4382352941176473,3.21817557668662e-08,,120.0,6.0
survival_n_20,20,2.458823529411765,3.247450786756698e-08,,120.0,6.0
survival_n_20,20,2.4794117647058824,3.2757875300133424e-08,,120.0,6.0
survival_n_20,20,2.5,3.303206317579849e-08,,120.0,6.0
